484449,16;5007678,00;901,20
486975,08;5006219,52;899,13
486863,65;5007790,25;900,08
486429,40;5008216,75;899,37
486040,79;5008482,49;901,18
486326,49;5008879,84;899,57
486930,90;5009231,52;900,88
484368,22;5006828,28;750,69
485179,11;5006267,80;751,08
489019,76;5007205,72;749,85
486634,23;5008540,04;751,15
487273,08;5008621,73;746,43
488038,69;5008602,33;745,69
488544,79;5008705,63;747,12
489745,50;5008895,41;749,15
517218,54;4995985,65;700,03
516136,99;4996107,53;700,19
514839,78;4995448,79;700,31
513581,33;4995109,80;699,99
512883,55;4994652,67;650,39
511569,38;4994014,08;425,39
511822,78;4994245,77;500,27
484374,41;5005996,61;624,98
487709,86;5005770,65;625,19
486075,80;5005278,27;625,91
489527,58;5007097,63;625,36
487061,49;5008421,33;627,17
490157,42;5008884,09;625,47
488873,03;5005805,81;624,64
488311,85;5005919,17;625,20
488802,94;5007594,59;625,63
511768,18;5009129,82;701,52
510992,57;5008685,26;701,03
510390,89;5008247,22;700,21
509905,11;5006265,01;700,35
512241,78;5007309,71;704,09
513884,89;5007731,80;700,40
515791,04;5008827,55;694,65
514975,92;5008254,81;698,67
493531,24;5002357,01;100,02
494610,29;5002918,49;99,20
495100,94;5003112,63;98,64
495745,04;5003764,88;99,09
496689,20;5004013,97;99,04
497563,70;5004129,38;99,48
498687,88;5004035,00;99,79
499505,35;5004024,16;99,30
500831,19;5004834,73;49,71
501320,20;5005648,80;49,95
501281,23;5006248,06;49,78
501189,63;5006788,85;49,91
501468,66;5007386,13;50,28
501878,96;5007440,77;49,23
502034,88;5008358,53;49,49
502344,68;5008824,44;49,61
502733,88;5005134,95;50,48
502938,51;5006080,44;49,91
503336,74;5006933,49;50,11
503276,83;5007352,20;49,82
503534,00;5008273,90;-34,41
503875,31;5008815,12;-35,15
501582,78;5003950,33;99,92
500982,72;5003800,78;104,26
503079,58;5002108,58;99,57
504747,43;5002548,85;-9,03
505666,25;5002781,62;-10,21
506371,18;5003218,28;96,72
507114,28;5003481,84;97,59
508215,18;5003637,75;99,11
509615,30;5003234,27;96,71
510295,63;5003164,08;95,40
511568,36;5003040,47;98,66
513065,10;5003579,29;99,63
514217,39;5003808,64;97,25
515217,73;5004308,45;98,45
515649,88;5004972,06;98,32
516152,25;5005808,58;98,74
516330,63;5006449,17;98,34
516627,13;5007123,09;97,30
517026,64;5007621,78;96,79
486854,74;4995305,05;24,94
486933,89;4994750,91;25,01
486813,95;4994317,17;25,15
488574,85;4993951,02;9,24
489136,85;4993783,52;10,47
494474,00;5001970,66;96,15
495785,05;5002934,72;96,57
517460,45;5000793,63;-9,81
516451,58;5000708,96;-10,24
515073,89;5000226,13;-10,04
514053,17;5000290,76;-9,92
513278,98;5000921,79;-10,25
512329,38;5001042,33;-10,02
510731,28;5000962,74;-10,27
509823,84;5001195,51;-10,18
508308,32;5001506,26;-10,05
508075,67;5001931,63;-10,61
507074,58;5001820,93;-10,78
506527,83;5001590,55;-10,01
506258,56;5001590,56;-10,05
505822,91;5001658,35;-10,21
505632,41;5001745,62;-10,75
505216,96;5001098,50;-10,03
504816,47;5000988,90;-10,24
504390,44;5000940,18;-9,35
504073,27;5000916,08;99,57
503842,98;5001124,24;97,59
503346,49;5001057,55;4,28
503055,45;5000985,82;94,63
502205,89;5000826,31;-8,56
502043,81;5000727,32;-7,93
501473,27;5001184,23;-7,04
501401,96;5001392,82;97,53
501437,87;5001977,28;-0,68
501103,54;5001830,81;95,50
500534,23;5002203,84;-9,11
500225,97;5002205,37;98,21
500047,49;5002500,12;98,00
499826,94;5002578,08;99,12
499351,57;5002480,62;102,84
499410,04;5002695,46;98,55
499020,76;5002784,70;99,90
498228,83;5002257,59;99,59
497269,81;5002018,24;99,80
496707,97;5001770,68;99,78
495591,47;5001077,49;98,92
495642,97;5000721,85;100,27
494751,35;5000172,85;74,81
493876,96;4999900,65;74,91
493189,96;4999239,85;75,07
491834,98;4998652,32;74,93
491154,66;4998563,75;75,23
489449,36;4998150,52;74,98
485697,24;4997484,58;2,73
484573,78;4997336,44;1,57
492882,52;5002170,65;98,28
492037,26;5001456,00;-8,54
491057,92;5000679,80;-10,02
490343,24;5000435,30;-10,03
490179,63;5001004,88;-9,87
489314,96;5001315,97;-10,11
488044,28;5001395,97;-9,13
486093,34;5000656,62;-10,14
484596,46;4999986,72;-9,26
484367,60;4999308,07;-49,99
484240,39;4998541,03;-88,93
484684,58;4998541,03;-89,13
485169,18;4998526,93;-88,85
485512,38;4998442,53;-88,96
485976,78;4998414,34;-88,56
486562,28;4998590,23;-89,10
487218,48;4998885,83;-88,99
487854,48;4999096,94;-89,13
488607,42;4999223,63;-89,32
484425,90;4997653,87;0,65
484773,00;4997599,75;1,08
485082,54;4997695,50;0,87
485833,00;4997785,41;0,90
486313,70;4997933,67;1,21
486555,02;4997863,28;0,34
486988,06;4998012,22;-25,37
487211,93;4997967,27;-25,03
487830,12;4998128,60;-25,06
488034,14;4998180,53;-25,41
487559,05;4997992,13;-25,02
487396,47;4997686,89;-25,43
487688,82;4997540,79;-25,06
488355,73;4998042,48;-24,70
488728,27;4998326,72;1,02
489287,31;4998405,82;2,44
488392,47;4999816,25;-49,83
489726,59;4998480,53;3,45
490233,48;4998582,43;1,31
487363,69;4996105,88;-25,01
487803,98;4997035,24;-25,05
487844,38;4996739,74;-25,08
488076,58;4996387,83;-24,98
488467,18;4995913,69;-10,10
488076,58;4996211,94;-24,90
487730,90;4996379,20;-25,39
489354,88;4996052,86;-10,02
488678,48;4995670,14;-10,09
488353,96;4995592,73;-24,88
487932,44;4995840,16;-25,01
487647,71;4995925,70;-25,08
487484,79;4995514,78;-24,83
487790,44;4995407,18;-25,04
487984,72;4995268,09;-25,04
488310,56;4995217,17;-25,04
488728,26;4995111,02;-10,16
488431,29;4995352,40;-24,87
488939,56;4995477,49;-9,96
489593,63;4995516,95;-9,94
489941,44;4995656,05;-10,00
490050,41;4995920,23;-9,90
489972,09;4996321,30;-10,13
490100,11;4996450,67;-9,90
489622,96;4996426,27;-10,08
489363,20;4996617,95;-9,94
489055,53;4996662,88;-9,98
489019,90;4996272,61;-9,95
488591,83;4996404,60;-10,15
488534,33;4996715,31;-24,80
488641,89;4996876,08;-24,91
488364,51;4997028,70;-25,14
488646,05;4997304,80;-24,33
488157,38;4997337,84;-25,05
487888,69;4997372,38;-25,00
488200,53;4997704,77;-24,90
488131,95;4997829,87;-25,04
488273,96;4994432,29;-25,01
488142,32;4993943,02;-24,99
488480,38;4994812,78;-24,79
488254,48;4994723,54;-25,05
488122,21;4994483,21;-25,00
487921,64;4994235,79;-24,98
487839,51;4993998,76;-25,00
487646,29;4993727,55;-24,89
488787,45;4995287,48;-10,09
489152,27;4995256,07;-9,96
488888,09;4995020,65;-9,82
488790,20;4994868,02;-10,23
488374,96;4994607,15;-24,99
488526,01;4994249,88;-25,01
488545,50;4994130,27;-23,41
488455,67;4993792,49;-24,30
488202,19;4993740,07;-25,20
487864,22;4993793,69;-25,01
487592,84;4999789,27;-50,02
488119,07;4999951,36;-50,05
488610,98;5000378,78;-49,36
489026,08;5000062,93;-49,83
491036,68;4999050,64;2,22
491826,68;4999439,45;2,26
492371,00;4999857,22;3,01
489432,35;4999865,76;-50,35
493180,65;4999885,85;1,75
489124,68;5000361,23;-50,17
493805,80;5000287,09;1,16
495493,86;5002720,85;4,35
494446,68;5000884,13;1,38
495158,52;5001102,25;1,04
489201,99;4999466,43;-88,76
489694,98;4999588,88;-88,00
490374,42;4999959,51;1,30
491114,08;5000042,87;1,42
491577,21;5000630,51;0,64
491983,48;5000655,17;1,55
492414,03;5001373,48;0,62
492936,91;5001397,73;1,25
493100,18;5001757,76;1,27
493483,16;5001837,27;2,47
494143,78;5002340,64;1,36
494925,96;5002792,63;2,84
495432,18;5003013,47;3,26
496253,68;5003389,03;1,63
496838,21;5003564,95;1,11
497257,34;5003828,63;1,84
498010,29;5003516,86;1,04
494877,59;5002348,79;1,70
494050,51;5002015,88;4,05
496059,76;5002972,24;4,47
496724,38;5003326,29;2,59
497260,44;5003030,22;2,00
495987,12;5002344,43;1,90
496026,00;5001543,95;1,68
496853,45;5001943,89;2,57
497760,98;5002124,16;2,92
498380,33;5002531,20;2,36
498629,89;5002733,04;2,63
498892,04;5003373,41;0,89
499426,68;5002854,33;2,52
499602,53;5003351,24;0,49
499703,44;5002757,43;2,13
500312,24;5002511,64;0,71
500209,67;5002506,29;3,17
500632,60;5002283,77;-10,11
500674,67;5003269,52;5,69
500140,39;5003079,44;1,37
500538,71;5002878,50;1,14
500078,01;5003338,20;3,55
500448,05;5003509,78;9,40
500631,18;5003956,85;4,79
500821,90;5004034,26;7,21
500937,88;5004240,43;-9,87
501250,78;5004310,84;-6,89
501644,23;5004585,32;-8,53
501846,48;5004641,53;-9,63
502058,48;5004367,14;-5,39
502803,72;5004475,46;-7,67
502575,77;5004537,56;-9,11
502190,29;5004762,27;-7,44
501640,68;5004855,94;-10,22
501232,00;5004637,26;-10,24
500968,19;5004544,15;-10,00
500685,49;5004289,73;-10,87
500461,61;5004174,47;0,20
500269,80;5003978,50;2,61
499905,34;5003410,22;0,90
501321,13;5003107,55;4,20
500796,10;5002525,65;1,40
500846,98;5003138,47;3,55
501382,09;5002980,94;5,22
501903,18;5002972,24;1,97
502173,29;5003065,43;0,77
501657,78;5002917,63;5,14
501599,57;5002774,77;0,51
501301,28;5002769,92;2,03
501500,65;5002285,08;0,68
501871,45;5002353,60;0,95
502134,32;5002151,78;1,38
501085,80;5002378,19;0,81
501164,49;5002002,37;1,56
501356,66;5001681,98;3,90
501823,73;5001765,41;0,96
501843,28;5001426,98;1,01
501783,04;5001185,61;-10,26
502169,48;5001906,04;1,00
502127,93;5001419,30;0,57
502496,40;5001411,96;0,78
502625,92;5001690,10;1,02
502817,72;5001765,89;1,67
502876,18;5001475,13;0,40
501772,58;5000978,30;-10,60
501946,32;5001271,12;-9,52
502149,28;5001053,03;-10,25
502310,78;5001060,04;-9,98
502621,31;5000985,86;2,83
502795,38;5001165,54;1,25
503157,10;5001013,49;7,47
502982,67;5001131,48;1,88
503507,92;5001127,13;3,55
503703,98;5001334,43;0,79
503946,63;5001283,53;2,69
504308,37;5001487,35;0,53
504218,78;5001116,34;1,83
504309,68;5001074,14;0,15
504529,29;5000956,05;-29,24
504835,98;5001765,50;-30,53
505014,62;5001118,44;-29,36
505076,88;5001461,14;-30,03
505224,12;5001639,20;-30,13
505392,98;5001246,17;-29,61
505494,59;5001427,53;-29,66
505430,28;5001665,14;-29,57
505389,88;5001756,64;-29,72
505472,99;5002111,15;-31,12
505702,78;5001869,23;-29,16
506032,43;5001745,30;-29,59
506177,28;5001974,73;-30,41
506389,28;5001988,85;-30,16
503540,70;5003508,72;1,85
504043,38;5002766,63;3,07
503966,48;5002228,03;1,05
502942,36;5003515,18;3,57
502903,66;5003958,54;2,35
503209,28;5001566,64;0,19
503572,69;5001707,44;1,04
503744,38;5001784,83;1,01
504471,19;5002235,13;1,22
504895,19;5002214,03;-98,46
505468,19;5002550,14;-99,83
505147,58;5002425,13;-99,87
505278,78;5002333,63;-99,46
505642,28;5002509,53;-99,33
506004,62;5002863,58;-98,25
506207,59;5002734,74;-100,85
506211,39;5003024,28;-96,48
506606,87;5002640,95;-99,92
506869,98;5003391,86;-97,03
507278,67;5002955,51;-100,18
507651,89;5003453,55;-98,52
508279,12;5003349,00;-99,73
508947,54;5003164,97;-99,92
509234,75;5003103,36;-98,30
509818,48;5003182,37;-96,90
510093,83;5003056,81;-97,92
510639,38;5002819,13;-98,65
510957,15;5002337,49;-100,12
509986,01;5002424,22;-100,43
506899,91;5001815,58;-29,19
507259,53;5001972,56;-29,55
507080,29;5002379,23;-31,59
507487,19;5001931,97;-29,89
507949,10;5002426,32;-31,21
507866,02;5002050,54;-29,96
508303,13;5001923,83;-29,52
509026,20;5002278,55;-30,64
508574,39;5001756,07;-29,98
508796,14;5001631,63;-29,94
509459,62;5001289,50;-29,78
510149,92;5001245,12;-29,86
510599,34;5001258,66;-30,05
511393,50;5001794,31;-30,40
511164,28;5001067,05;-29,84
511446,98;5002734,74;-98,78
511877,18;5002997,76;-98,34
512292,86;5003126,64;0,14
512644,81;5003089,26;0,40
512627,31;5002415,58;-0,59
513031,28;5002736,89;0,04
513355,69;5002971,82;0,59
513626,54;5003030,22;-0,50
513697,49;5003394,75;-1,21
513904,55;5003603,02;-97,93
514334,75;5003676,23;-95,51
514920,04;5003472,24;-100,95
514887,27;5003914,15;-98,69
515264,06;5004047,70;-99,81
511851,49;5001090,90;-29,84
512414,77;5001521,70;-0,10
512930,65;5001763,65;0,10
513294,75;5001883,82;-0,07
513163,18;5001596,45;-0,05
513439,59;5001188,82;-29,61
513740,00;5001069,72;-30,00
513972,66;5001331,47;-29,98
514076,39;5001161,50;-30,04
514679,13;5000726,30;-30,00
515120,27;5000630,61;-29,91
515307,75;5000757,38;-29,99
515663,72;5000975,49;-30,01
515865,62;5000909,58;-29,99
516070,58;5000816,42;-29,84
516368,55;5000938,85;-29,94
516135,48;5002442,25;-30,25
517144,99;5001848,14;-30,04
516920,46;5002047,89;-30,00
516659,73;5003421,80;-30,14
517644,90;5003396,71;-29,99
517837,29;5002298,31;1187,12
515656,68;5004347,54;-99,16
516051,66;5004203,06;-100,26
516118,64;5005039,88;-74,52
516657,16;5004769,37;-75,04
516580,55;5005672,02;-74,14
517096,97;5005728,78;-50,44
516573,18;5006104,98;-49,47
516561,19;5006573,86;-47,98
517189,65;5006613,07;-50,66
517597,59;5005895,26;-49,98
516931,41;5007254,92;-47,70
517389,30;5007273,27;-49,87
517668,36;5007486,49;-50,42
517225,63;5007936,06;-47,49
517467,83;5008100,63;-49,90
517678,50;5008290,55;-48,79
500396,49;5001253,25;-7,64
500574,83;5001866,57;-9,61
500757,24;5001985,53;-9,29
500392,78;5001955,27;-9,64
500248,28;5001810,27;-11,57
500428,57;5001490,28;-9,18
500080,49;5001521,77;-12,25
499556,21;5001155,81;-10,20
499101,90;5000937,78;-9,63
498961,32;5000436,50;-10,09
498711,05;5000379,13;-9,12
498740,64;4999959,13;-10,05
499012,17;4999710,08;-9,80
499191,03;4999770,80;-10,68
499003,14;4999366,40;-8,84
499094,64;4998978,28;-10,38
498963,44;4998814,86;-9,79
498822,40;4998562,69;-9,63
499351,56;4999830,32;-8,14
499191,38;5000266,05;-9,23
499001,01;5000090,57;-10,26
499326,39;5000493,91;-9,44
499380,44;5000655,73;-10,41
499572,60;5000781,30;-8,98
499736,59;5001174,79;-9,84
499898,08;5001165,54;-9,46
499440,33;4999493,12;-8,71
499145,14;4999463,29;-11,03
499517,58;4999151,05;-9,74
499439,27;4998652,52;-9,61
499278,38;4998541,51;-10,47
500100,53;5001955,74;-6,13
499735,89;5001488,90;-6,02
499338,72;5001259,69;-6,88
498686,82;5000732,99;99,18
498053,62;5000410,95;101,04
498170,28;4999728,80;99,81
498651,95;4999315,36;98,88
498405,88;4998364,88;50,17
497979,38;4998220,50;50,94
496663,13;4997087,79;50,25
499265,12;4997904,29;-9,90
500046,16;4997609,90;-8,86
500421,28;4997689,49;99,43
500996,49;5001536,64;101,24
500471,37;5001059,40;99,82
499907,18;5000839,93;99,30
499595,53;5000316,02;99,38
499527,32;5000084,70;98,50
499751,45;4999629,15;99,28
499702,73;4999345,83;98,69
499810,66;4998911,41;99,30
499896,26;4998544,79;98,06
500149,98;4998631,93;100,62
500638,86;4998552,17;100,21
500819,98;4998293,32;100,09
497565,57;4997638,12;50,69
502523,76;5002421,18;98,83
503005,44;5003316,38;97,36
503446,14;5002777,08;99,32
488880,64;4997827,72;99,27
489101,39;4997459,31;99,61
489788,71;4997285,54;11,05
490532,57;4996720,28;10,08
490687,68;4996340,08;49,53
490431,31;4995531,76;10,58
489861,37;4995143,28;9,89
489639,99;4994288,72;10,23
488238,77;4994224,75;-25,07
486637,81;4997587,64;3,25
487090,26;4997346,47;-23,96
486647,55;4995798,47;25,25
487251,36;4996530,05;-24,19
487447,45;4997018,27;-24,70
485123,66;4997107,20;149,73
485768,99;4997070,18;150,33
486615,33;4997327,81;148,27
486876,98;4996962,98;148,07
486569,15;4996978,06;150,60
484854,18;4996759,41;149,39
485786,30;4996584,01;150,08
484457,75;4995655,26;199,73
486169,35;4995953,25;124,49
485624,83;4995884,38;125,11
486175,17;4995485,75;125,48
486043,30;4994664,25;125,30
486238,83;4994183,42;124,83
486316,80;4993668,58;125,05
485471,47;4996773,58;248,37
486141,38;4997127,02;247,15
484338,26;4995076,16;300,42
484702,56;4995235,25;299,69
485196,24;4995398,62;225,23
485821,55;4995449,13;224,70
485553,25;4994952,91;225,36
485521,75;4994633,39;224,90
485365,18;4994083,80;225,53
485512,46;4993671,86;225,71
485804,61;4993795,27;224,41
484422,14;4994076,63;402,86
484482,24;4994254,65;399,66
484572,50;4994574,10;399,39
485167,94;4994989,43;324,50
485014,46;4994561,32;325,23
485024,40;4994223,22;325,14
484858,73;4993700,69;326,41
485173,11;4993696,27;324,16
484521,41;4993945,54;498,94
484649,91;4993844,00;497,46
484433,61;4996709,00;50,26
485076,84;4996064,86;26,45
486669,34;4996484,61;50,00
486384,18;4996241,50;25,62
498915,33;5002532,06;198,87
499178,99;5002215,56;199,77
499662,66;5002127,85;200,87
499853,27;5002294,10;199,39
499872,12;5002025,74;194,99
499892,89;5001804,74;-6,47
499526,24;5001518,95;194,38
499262,76;5001593,47;200,00
498698,01;5001228,15;199,09
498038,40;5000681,40;198,66
497429,78;5000649,24;200,19
496425,43;5000522,71;199,59
496145,95;5000769,51;199,64
496077,73;5001050,88;199,58
496563,87;5001574,14;198,36
497164,30;5001754,77;199,40
497536,61;5001782,31;199,30
498007,34;5001907,02;198,84
498479,92;5002135,81;199,58
498729,17;5002422,41;198,05
489271,87;4997863,67;173,85
490348,24;4997618,41;174,87
489810,01;4997879,07;173,96
491252,50;4998282,03;175,37
491904,11;4998391,43;175,48
492542,15;4998748,87;174,67
493202,88;4998803,25;175,21
493584,35;4999012,86;174,89
494211,58;4999624,33;174,67
494735,88;4999591,15;175,17
496006,66;4999794,34;174,64
496761,58;4999684,85;101,20
497608,19;4999314,63;100,65
497874,93;4998847,97;100,11
497526,30;4998638,08;199,65
496971,96;4997848,18;199,74
496167,69;4997510,08;199,83
495580,38;4997269,33;135,80
494920,41;4997206,60;135,36
494045,38;4996902,55;134,63
492973,11;4997116,70;137,12
492053,28;4996947,86;135,08
491672,43;4996960,36;134,71
490785,76;4997418,53;135,88
491358,33;4996046,35;125,34
491195,30;4996425,06;49,95
491678,17;4996207,09;134,51
492736,87;4996362,02;134,29
493628,09;4996265,13;134,91
494138,19;4996139,13;134,92
495001,34;4995811,29;135,13
496145,03;4996356,65;135,20
494415,75;4995619,84;135,73
490949,23;4995753,85;124,75
490868,08;4994737,29;125,15
490453,98;4994031,35;125,70
489993,80;4993933,34;124,23
495922,00;5000326,24;100,19
497214,84;4999945,47;224,77
497016,31;5000314,44;224,85
491626,25;4996699,97;50,18
493389,21;4996555,03;51,63
490315,54;4997248,44;50,00
494955,89;4996608,05;50,68
495737,48;4996941,74;50,35
494268,40;4996615,95;50,92
498715,43;5001871,53;225,12
496977,33;5001020,57;224,87
497533,41;5001062,84;225,03
497882,13;5001552,53;225,14
490553,44;4997859,27;274,00
491452,85;4997930,78;275,52
492327,13;4998337,90;275,57
491361,52;4997471,64;298,74
492720,56;4997104,41;273,71
494330,98;4997525,50;278,43
496140,65;4997865,64;299,67
496429,24;4998267,12;300,76
497150,74;4998774,25;299,04
496051,68;4999390,54;275,49
494588,08;4999139,85;274,95
493795,48;4998614,14;275,06
493093,87;4998496,78;275,66
491232,47;4993794,49;250,66
490963,98;4993968,56;249,28
491510,68;4994308,18;249,97
491452,21;4994814,40;249,74
491624,89;4995821,80;248,89
491940,45;4995710,30;250,34
493065,36;4996023,47;249,71
493637,20;4995964,09;248,81
493782,35;4995627,73;250,26
494246,66;4995230,05;249,11
494248,36;4994793,27;250,27
494974,12;4995176,30;249,65
495770,73;4995428,23;250,08
496112,79;4995905,20;249,80
496620,14;4995968,29;249,87
497306,91;4996167,38;250,10
497942,97;4996435,52;274,54
498959,68;4996751,15;274,64
500196,53;4996472,14;276,12
500720,28;4996722,12;298,49
501742,12;4996528,99;298,89
491553,30;4993706,38;311,83
492049,91;4994038,82;312,73
492424,58;4994625,97;312,64
492365,48;4995202,45;311,95
493150,33;4995595,63;312,25
493702,68;4995008,07;312,37
493848,86;4994480,73;311,93
493886,81;4993955,02;312,84
494850,08;4994141,82;312,15
495239,51;4994639,11;311,96
495931,74;4994852,97;312,28
496253,58;4995299,08;311,97
496772,07;4995452,32;312,14
497736,68;4996102,26;312,19
499065,51;4996243,70;312,30
499754,64;4996477,58;311,46
500674,92;4996303,41;399,86
501447,38;4996267,80;399,78
492081,89;4998076,54;373,49
492832,76;4998381,60;373,09
493738,29;4998215,94;375,66
494252,38;4998434,93;375,59
491905,48;4997709,31;374,17
492488,79;4997531,75;399,49
493690,29;4997313,67;311,88
495156,54;4997632,99;398,64
496006,33;4998541,72;399,99
496391,02;4998775,08;399,61
496308,68;4999171,53;373,76
495293,71;4998969,97;374,62
493151,70;4995027,97;442,88
492842,50;4994167,66;499,64
492392,61;4993736,84;499,38
493420,80;4993853,37;499,78
495480,49;4993950,42;443,74
496359,42;4993998,22;443,98
496696,11;4994514,57;443,17
497714,45;4995062,65;443,67
498047,42;4995658,71;443,50
499129,08;4995825,61;442,80
499469,77;4995643,95;443,88
499921,93;4995667,64;443,76
500871,80;4995975,15;499,75
501727,24;4996153,03;398,85
493864,98;4997769,42;499,35
494309,49;4998156,23;474,57
494134,81;4997661,40;496,15
491184,10;5002217,22;399,93
491631,99;5002438,27;498,40
492367,48;5002814,83;691,37
491246,58;5002665,38;298,09
490940,85;5002414,58;298,83
490952,60;5001810,51;298,94
491255,69;5001757,59;299,12
491732,07;5001785,82;296,94
491978,06;5002255,03;300,74
492781,58;5002798,53;300,17
493338,48;5002934,34;297,95
493027,66;5003250,78;297,96
491866,51;5003043,99;299,96
497223,22;4993813,58;356,51
498050,78;4994439,60;356,69
498844,11;4994703,53;356,40
498899,85;4995202,85;356,24
499719,76;4995037,31;356,55
500854,42;4995058,94;599,97
500997,22;4995498,18;599,59
501812,30;4995342,25;500,19
502737,32;4995848,47;599,14
503459,77;4995461,07;599,52
503775,94;4994964,05;599,34
504104,54;4994593,77;525,36
493485,39;5005851,60;251,58
494386,68;5006770,30;177,42
491519,70;5004858,66;400,09
490464,36;5004101,75;255,33
489800,46;5003653,59;226,78
488330,84;5003079,69;154,54
487154,19;5002188,40;156,67
485857,26;5001787,22;127,02
484744,08;5001160,29;125,40
495747,82;5006817,24;124,55
496399,92;5007188,24;144,22
497970,82;5008022,93;153,98
498848,62;5008522,45;241,35
500196,16;5009177,22;254,20
484365,76;5004440,71;100,92
486191,90;5004348,12;301,72
487666,25;5003944,13;150,05
488955,80;5003906,32;150,33
484477,54;5003677,49;550,35
484922,89;5003844,78;548,68
486564,56;5003776,60;547,52
487457,37;5002980,93;548,38
485685,07;5003810,85;548,66
486843,01;5002902,13;549,51
486312,78;5002482,80;301,74
484893,26;5001872,35;325,77
484470,24;5001670,70;325,93
489690,52;5003055,88;296,37
491160,24;5003997,54;399,65
492304,65;5004606,64;399,40
493314,99;5005203,94;399,60
494448,24;5005304,62;399,10
495918,22;5005773,80;125,23
496919,49;5006793,66;25,12
497583,41;5007207,45;15,64
498300,14;5007591,70;51,93
498938,82;5007660,74;249,13
499295,63;5007410,46;250,07
499878,58;5007015,64;250,06
500232,40;5007520,61;249,95
500205,27;5007850,51;249,54
500167,56;5008288,50;125,52
500529,11;5009005,20;158,74
489277,35;5002944,50;149,75
488105,08;5002408,21;199,62
486484,19;5001660,14;100,32
485581,39;5001308,20;95,56
484792,81;5000793,06;95,67
484430,63;5000466,45;100,82
484601,29;5003155,39;802,92
486066,16;5003290,17;798,47
485271,59;5003341,13;800,16
485750,06;5002861,92;799,19
484725,23;5002179,88;796,10
484587,96;5002846,54;900,51
484866,03;5003100,41;899,81
484788,07;5002677,18;900,13
484573,43;5002605,58;900,33
484412,68;5003106,32;898,55
489167,60;5002551,22;154,70
488631,37;5002085,20;99,87
488165,81;5001833,73;99,45
487801,16;5001732,28;98,61
487104,11;5001481,48;99,77
486252,50;5001205,03;29,31
485665,72;5000723,53;28,48
485167,74;5000541,24;99,69
484536,45;5000223,20;97,47
485055,09;5000322,70;97,44
489540,08;5002553,11;100,18
490152,90;5002402,27;49,98
490522,41;5002428,38;100,41
490442,23;5002079,25;100,45
490900,69;5001536,65;199,39
491491,82;5001552,32;102,16
491737,08;5001527,88;99,58
492191,71;5001824,80;99,65
492003,19;5001994,32;200,68
492210,38;5002359,13;200,34
491612,31;5003475,82;101,41
492367,48;5002549,84;200,51
492567,39;5002669,23;204,42
492838,68;5002649,34;198,64
493081,48;5002689,14;201,22
493565,79;5002867,87;200,34
484816,86;5000558,94;100,09
485138,06;5000866,42;55,50
485848,87;5001244,58;74,51
486698,38;5001376,33;98,54
487368,84;5001577,85;99,54
487885,49;5002141,87;59,04
488583,28;5002696,02;141,15
488951,21;5002847,83;155,85
489962,75;5002888,04;200,04
490399,33;5003287,48;298,38
491230,27;5003557,62;298,23
492335,26;5003924,14;298,83
492784,23;5004356,75;201,49
485245,08;5000125,34;-10,22
486857,30;5000949,86;-10,14
488638,56;5001536,25;-9,51
489956,92;5001556,15;-9,92
490005,46;5002069,66;-9,56
489096,21;5001913,34;-9,49
489458,93;5002159,01;-9,54
485818,38;4998869,93;-87,53
486163,28;4998948,34;-49,94
486740,58;4999017,03;-85,98
487233,28;4999134,73;-51,83
485431,18;4998570,74;-89,13
485980,28;4998565,84;-89,00
486501,18;4998683,53;-89,14
486909,48;4998815,94;-89,28
487324,88;4999017,03;-87,47
488331,49;4999335,73;-87,58
484361,18;4998820,83;-88,90
484776,48;4998869,93;-88,34
484810,10;4999110,40;-50,52
484795,97;4999371,00;-49,93
484600,61;4999669,98;-49,81
484900,56;5000061,19;-47,38
485744,77;5000418,87;-48,83
485567,64;5000154,02;-49,97
485840,04;4999747,14;-49,99
485452,29;4999394,64;-49,95
485431,18;4999061,14;-49,94
485797,28;4999183,83;-49,94
486050,69;4999139,63;-49,83
485762,08;4999433,93;-50,00
486339,28;4999124,93;-49,64
486592,69;4999169,03;-50,08
486867,28;4999267,13;-49,77
487057,38;4999438,84;-50,04
487338,89;4999561,43;-50,01
487367,09;4999664,43;-50,01
487812,19;4999917,58;-50,00
488162,58;4999751,75;-49,90
488483,61;4999610,26;-50,29
487500,88;4999370,13;-50,76
487557,09;4999149,44;-88,52
488542,68;4999399,54;-88,33
487781,93;4999346,06;-50,61
487923,19;4999536,94;-50,13
488225,88;4999448,64;-50,52
487993,66;4999233,04;-88,88
486358,55;5000341,50;-49,81
485304,38;4999875,23;-50,11
486416,79;4999599,66;-50,00
486825,09;4999590,84;-50,03
487226,28;4999693,84;-50,00
488675,91;4999527,58;-88,18
489081,00;4999562,08;-88,00
489365,24;4999748,12;-50,09
489445,37;4999523,05;-87,52
488855,71;4999493,44;-89,16
489232,58;5000037,14;-49,88
489131,91;4999817,02;-50,09
488979,18;4999768,30;-50,79
489063,12;5000237,64;-50,00
489304,58;5000404,50;-49,83
486456,50;5000747,58;-0,35
489478,99;5000042,04;-50,02
489778,35;5000160,00;-49,38
489710,13;5000312,00;-49,76
489705,78;5000016,99;-51,20
489695,56;4999825,58;-87,18
489079,29;5000590,63;-49,76
488828,65;5000629,61;-49,46
484959,18;4998590,43;-89,05
488254,08;5000263,55;-49,71
487912,85;5000291,75;-49,94
487549,06;5000154,02;-50,03
487337,28;4999948,09;-50,00
486163,29;5000081,45;-50,18
486337,66;4999806,74;-50,00
486233,69;4999620,33;-50,00
486619,28;4999864,45;-50,00
486917,61;4999997,29;-50,00
487169,99;5000261,92;-50,00
487699,58;5000448,59;-49,75
486728,67;5000229,14;-50,06
487198,20;5000570,92;-50,27
487756,92;5000753,40;-10,33
487816,56;5001017,49;-10,01
488503,23;5001193,78;-10,16
488528,11;5000567,65;-11,10
489384,73;5000645,61;-10,90
489990,11;5000684,09;-10,10
490040,00;5000272,95;-10,76
488702,04;4999913,60;-50,14
488829,87;5000268,55;-50,33
486303,98;4999218,13;-50,04
487247,38;4999615,43;-50,01
486670,08;4999453,54;-49,97
486543,40;4999296,58;-49,80
486360,29;4999340,74;-50,02
485121,28;4998781,63;-88,56
485175,40;4999091,34;-50,25
485395,79;4999571,23;-50,05
485078,98;4999738,04;-50,11
485043,79;4999870,43;-50,76
485409,89;5000110,73;-48,89
485666,59;4999860,41;-50,18
485635,19;4999639,94;-49,98
485198,68;4999433,93;-49,91
484999,42;4999540,85;-50,05
485571,78;4998948,44;-50,33
485930,88;4998982,73;-51,42
486472,98;4999041,63;-50,51
486219,48;4998835,63;-51,58
485395,79;4998737,53;-88,27
485184,58;4998654,14;-89,16
485797,09;4998693,43;-89,04
486289,88;4998742,43;-87,22
486789,79;4998820,93;-89,62
486655,98;4998855,24;-88,81
486895,38;4999007,24;-87,87
487324,88;4999424,13;-49,93
486775,69;4999110,24;-52,40
487127,68;4999286,83;-49,89
487169,99;4999389,84;-49,97
487718,51;4999663,99;-49,87
488430,18;4999483,03;-51,73
487526,35;4999507,42;-49,81
488086,79;4999331,65;-87,56
485180,81;4999884,32;-49,44
486987,44;5000444,94;-50,16
486782,79;5000767,72;-48,66
487392,52;5000685,08;-49,91
487333,03;5001042,68;-49,19
489328,08;5000140,02;-49,96
489366,48;5000233,34;-50,13
489518,16;5000463,02;-49,42
489507,29;5000213,73;-50,18
490239,48;4999046,54;100,67
490384,64;4999359,29;99,99
490714,94;4999213,28;100,57
490709,56;4999076,20;97,15
490381,88;4999057,81;96,00
489936,45;4998924,57;100,12
489663,89;4998664,75;97,63
489319,95;4998796,22;99,60
494157,21;5001562,90;97,08
489619,98;4998845,43;100,28
489657,36;4999065,31;98,60
490087,98;4998919,03;97,88
492999,30;5000566,56;98,62
492478,40;5000331,70;99,91
492255,73;5000315,75;99,22
492049,46;5000173,67;99,74
491843,65;5000055,91;100,29
491616,75;4999957,59;99,82
491520,77;4999586,59;99,25
491029,12;4999722,09;98,84
490674,93;4999541,07;99,80
490911,01;4999375,13;99,45
491218,09;4999643,97;99,84
492019,50;4999679,40;98,87
492147,37;4999846,10;98,66
492428,96;5000202,69;100,36
492533,54;5000018,72;97,10
492787,03;5000394,52;99,99
495144,97;5002635,94;96,01
496473,96;5003029,70;98,08
497059,41;5002941,51;98,57
495837,62;5002557,38;97,55
494837,36;5001919,56;92,49
493833,29;5001332,58;98,97
493323,18;5001244,71;98,85
493817,59;5001890,05;98,34
492897,59;5001180,58;2,27
494053,21;5001702,79;4,24
494650,47;5001962,51;7,04
493301,55;5001562,98;1,04
501034,45;5003307,84;6,56
501102,68;5003416,33;3,84
501194,18;5003534,04;5,26
501361,46;5003754,45;4,73
501595,48;5003847,93;4,91
502043,34;5003712,16;9,17
502246,98;5004034,06;4,06
502448,03;5003380,48;4,86
502366,64;5004690,88;-9,45
500253,53;5003488,90;96,04
500341,23;5003259,23;95,43
500629,83;5003406,10;97,36
500817,88;5003362,93;97,92
500464,74;5003769,82;97,15
501088,58;5004176,53;52,40
501495,85;5004411,34;49,99
501847,86;5004412,65;49,48
502155,91;5004480,85;46,19
502262,88;5004286,76;49,29
501975,68;5004044,13;98,87
501648,57;5003574,15;99,57
501356,09;5003568,34;95,55
501285,68;5003382,04;101,28
501115,63;5003044,45;99,42
500982,99;5003038,74;96,22
501182,83;5003273,37;92,99
501531,03;5003244,35;101,93
501724,35;5003396,03;101,59
501838,66;5003297,98;99,87
501532,65;5002980,49;90,46
501884,18;5003171,14;95,98
502021,21;5003366,57;102,60
502186,88;5003406,53;98,52
502517,10;5003563,75;98,29
502676,92;5003876,57;98,32
501814,82;5003925,47;100,18
502186,31;5003624,13;96,41
502597,93;5004175,33;97,10
502785,28;5004142,23;50,77
502947,18;5004304,04;48,85
503057,69;5004548,64;49,89
502955,88;5004744,84;49,87
502792,27;5004857,64;49,29
502467,89;5004975,40;49,37
502111,09;5004947,47;49,37
502401,76;5005328,75;48,99
500738,18;5003578,09;195,94
500780,95;5003847,28;195,39
500947,79;5003970,54;187,85
501724,92;5004186,33;197,00
501384,31;5004073,26;196,57
501300,80;5003897,26;195,38
501917,66;5003529,30;193,52
501477,98;5003367,78;191,45
501593,41;5005240,52;-9,47
501739,63;5005613,58;-10,07
501706,01;5006055,75;-9,77
501592,87;5006530,64;-9,54
501746,63;5006908,02;-9,72
502118,12;5007271,34;-9,54
502362,88;5007692,01;-10,07
502014,67;5005229,95;-9,31
502241,57;5005500,25;-9,38
502225,84;5005873,38;-10,07
502177,13;5006207,25;-10,06
502028,78;5006510,17;-10,16
502421,34;5006364,97;-9,80
502630,38;5006658,13;-9,90
502809,12;5006946,72;-9,86
502219,92;5006786,60;-10,09
502504,69;5007095,00;-10,12
502559,98;5007442,83;-9,99
502789,04;5007761,04;-9,87
502180,47;5007914,18;-9,39
502343,97;5008388,29;-9,18
502626,72;5008395,09;-10,13
502714,89;5008629,74;-9,90
502707,89;5008928,94;-9,64
502696,54;5009203,95;-9,22
503059,88;5009326,14;-9,95
502897,99;5009027,04;-10,37
502869,78;5008825,94;-10,05
503126,94;5008589,89;-10,21
502914,72;5008267,00;-10,02
502949,32;5008046,14;-10,02
484277,13;5005244,48;500,08
484459,89;5005033,96;498,27
485255,51;5004975,93;500,05
487057,64;5004807,81;499,40
487590,46;5004951,81;500,27
487385,68;5008387,74;503,88
489695,68;5008469,70;495,67
490282,39;5008611,35;496,31
488322,90;5008074,18;502,15
487809,08;5008315,83;503,55
489163,86;5008173,50;499,08
490672,99;5009044,33;499,70
490951,58;5009265,44;498,08
486406,74;5004643,65;499,15
485917,55;5009168,99;1000,02
485705,47;5008722,83;999,27
490447,30;5002881,36;101,41
490907,81;5002895,79;100,48
491382,32;5002910,60;103,40
491862,46;5003277,27;200,79
492846,41;5003428,28;106,62
493470,54;5003471,47;76,97
493689,18;5003200,10;199,29
491030,19;5003320,39;200,26
491859,97;5003893,68;200,63
492863,63;5003801,70;199,52
493868,70;5004160,79;99,90
494483,20;5003865,82;50,58
495136,91;5004193,70;50,22
495814,17;5004154,05;50,20
496577,51;5004995,64;50,35
497544,68;5005442,26;50,20
498307,53;5004924,65;50,19
499228,35;5004972,11;50,23
500108,48;5005564,76;50,63
500607,99;5005289,03;99,70
500769,11;5005973,02;99,95
500681,84;5006407,77;100,39
500725,36;5006988,07;100,79
501079,78;5007125,63;99,41
501567,92;5008219,40;99,73
501457,92;5008464,89;100,87
501924,80;5008837,75;100,07
502267,01;5009172,33;99,66
493470,75;5004510,74;200,03
494324,36;5004793,21;200,34
495348,83;5005189,05;199,83
496582,92;5005657,21;198,93
498030,11;5006865,67;149,05
498829,64;5006576,41;200,04
499418,20;5006139,73;199,93
500067,02;5006232,37;199,76
500346,70;5006668,61;199,28
500397,48;5007193,27;199,94
500661,92;5007451,89;199,90
500970,73;5008117,68;199,63
501074,81;5008731,42;199,33
501380,49;5009161,16;199,86
497545,81;5006205,54;50,31
506428,18;5009271,94;199,68
506326,19;5008905,23;199,92
506122,18;5008313,93;200,00
505882,02;5007712,95;199,90
505935,71;5007390,18;200,21
505746,10;5006802,12;200,48
505410,67;5006886,58;199,45
505381,43;5006324,29;199,34
505532,79;5006037,70;200,79
505187,27;5005816,54;199,17
505457,64;5005170,83;200,20
505566,35;5004805,71;200,22
505527,82;5004142,08;200,57
505462,39;5003811,61;200,10
505510,38;5003618,84;200,01
505799,29;5003642,53;199,88
506377,41;5003944,45;200,81
506741,34;5003944,45;200,46
507389,63;5003636,20;99,63
508650,25;5003781,01;101,70
509474,84;5003419,10;101,04
511031,94;5003394,13;100,63
511577,78;5003472,67;199,75
512073,63;5004069,67;200,26
512636,47;5004709,06;200,49
513592,59;5005026,23;200,20
514483,54;5005433,43;199,63
514747,79;5005749,38;200,10
515400,80;5006012,84;199,17
515385,14;5006678,67;199,87
515792,14;5007192,19;199,78
516165,61;5007741,30;199,99
516684,05;5008224,52;200,87
517177,03;5008575,89;199,95
517568,72;5008993,21;200,96
517713,63;5008913,70;200,26
507787,15;5009273,61;299,83
507812,53;5008982,92;299,94
507549,89;5008574,13;299,92
507447,89;5008207,53;299,80
506832,09;5008313,60;299,90
507050,44;5007136,49;299,59
506680,23;5006690,32;300,22
506287,42;5006520,38;299,44
506202,94;5006263,82;300,26
506035,22;5005903,55;299,51
506241,18;5005623,23;300,44
506428,83;5005125,67;300,61
505944,28;5004952,45;299,13
506373,38;5004597,75;300,15
505973,83;5004081,39;298,64
506552,38;5004293,73;299,31
507166,46;5004421,04;300,70
507979,75;5004013,81;297,25
508530,16;5004136,39;299,64
509130,48;5004091,93;299,48
509876,21;5004006,34;299,73
510796,52;5003902,73;299,06
511211,36;5004078,77;300,36
511618,02;5004140,58;299,86
511966,64;5004638,78;299,84
512067,67;5004951,12;300,15
512594,57;5005002,54;299,70
513328,38;5005333,74;299,65
513464,28;5005688,44;300,18
513880,02;5006048,34;299,81
513965,90;5006389,58;300,17
514441,80;5006636,23;299,94
514782,05;5007181,98;300,41
515409,61;5007521,54;299,49
515715,07;5007874,76;299,60
515878,30;5008116,27;300,91
516667,40;5008520,13;299,98
517109,30;5008903,64;299,85
517398,48;5009143,58;300,91
517688,27;5009187,38;398,22
508577,23;5009229,64;239,86
508365,24;5008621,51;249,68
508178,14;5008107,91;185,63
507939,97;5007597,65;257,78
507481,88;5007024,83;255,55
507746,12;5006715,02;263,66
507781,38;5006158,72;260,26
506796,28;5005920,98;399,33
506971,99;5005404,63;399,90
507005,98;5005109,03;399,86
507362,88;5004679,59;398,34
507692,60;5004601,79;256,63
508178,06;5004608,34;300,25
508809,98;5004756,37;426,55
509480,34;5004601,23;399,22
509868,97;5004448,16;358,02
510342,07;5004471,12;357,05
510851,31;5004340,97;394,77
511559,05;5004824,43;399,74
511908,70;5005301,67;399,98
512494,78;5005357,42;399,70
512937,48;5005617,53;399,59
513116,10;5006357,68;400,04
513354,46;5006528,15;399,65
514424,27;5007165,15;399,07
514535,52;5007531,76;400,55
515181,42;5007959,13;400,90
516208,32;5008476,18;397,89
516582,76;5008854,66;399,19
516863,39;5008999,77;399,81
517058,47;5009197,41;399,92
509335,10;5009168,79;150,49
509249,64;5008572,29;159,41
509087,50;5008320,80;223,91
508705,14;5007678,75;174,90
508628,41;5007034,88;274,72
508517,87;5006472,47;257,61
507932,28;5005458,90;300,12
508645,50;5005325,27;276,73
509135,46;5004893,92;451,62
509800,97;5004942,02;451,59
510660,09;5004665,10;451,38
510957,00;5005272,94;451,96
511568,97;5005673,36;451,81
512011,68;5005678,31;451,67
512292,29;5006131,14;452,00
512639,58;5006477,41;452,62
513149,30;5006823,84;452,89
513803,57;5007139,78;452,54
514185,93;5007357,71;452,57
514670,90;5007854,49;452,97
515477,52;5008285,31;452,95
515945,33;5008743,15;456,91
516285,14;5009037,08;454,32
516522,87;5009258,37;453,21
508762,71;5006085,27;201,65
508456,48;5005725,94;199,92
509435,67;5005485,67;452,30
510451,95;5005606,31;452,28
510949,40;5006177,82;452,95
509129,95;5007312,16;201,37
511798,06;5005997,62;452,13
509045,76;5007619,42;151,35
509291,15;5006218,60;695,50
511288,44;5008988,12;699,90
512996,58;5007405,09;703,01
514348,26;5007952,28;698,93
515342,68;5008575,73;700,91
512308,23;5009170,48;800,33
511892,49;5009060,62;798,36
511526,78;5008878,12;799,42
511229,69;5008736,22;797,14
511330,62;5008586,02;802,04
511066,91;5008281,89;800,75
510625,64;5008217,83;798,36
510369,69;5007501,72;799,85
511499,44;5007204,69;800,88
511868,97;5007142,35;799,30
512513,00;5007249,54;799,46
512759,47;5007371,17;799,28
513235,11;5007499,44;798,48
513566,91;5007675,26;799,41
514153,07;5008055,41;799,46
514773,25;5008344,26;799,63
515129,88;5008846,20;802,38
515724,24;5009084,39;801,88
515988,05;5009194,06;796,80
510755,99;5006853,79;798,90
510403,29;5007024,62;799,52
510075,10;5006646,98;798,75
510598,94;5007791,10;800,80
505612,39;5009100,00;-34,84
504946,57;5008816,27;-35,17
504530,09;5008254,11;-34,49
504102,70;5007694,83;99,58
503811,30;5007114,69;99,97
503692,30;5006338,14;99,88
503556,09;5006002,25;99,93
503653,54;5005403,83;100,02
503531,84;5005036,04;99,90
503521,88;5004208,02;99,72
503719,05;5003915,97;99,77
503857,03;5003677,37;98,99
504357,38;5003060,25;100,51
504470,66;5002740,95;197,95
505041,96;5002779,92;-9,36
505415,86;5003015,80;99,50
505835,76;5003116,66;97,41
506019,75;5003355,95;100,32
506710,25;5003525,67;97,63
506988,98;5003571,54;99,35
507955,71;5003766,44;101,72
509234,88;5003550,05;99,69
510599,56;5003333,67;100,81
511818,69;5003271,10;99,21
512745,74;5003828,32;100,16
513354,62;5004134,40;99,92
513982,11;5004352,21;100,40
514644,99;5004671,51;100,46
515180,35;5005073,61;100,82
515683,04;5005681,84;100,86
515886,84;5006443,83;100,99
516191,67;5007008,08;100,73
516557,13;5007580,89;100,87
516965,02;5008021,84;100,02
517390,82;5008325,75;96,97
517586,18;5008653,58;100,27
504980,57;5006493,42;100,56
504135,97;5006220,57;99,92
504660,15;5005475,64;100,41
503968,56;5004939,16;100,00
505243,89;5004833,46;199,47
503976,01;5004561,52;100,19
505143,32;5004390,38;199,91
505119,48;5003595,23;199,80
504260,17;5003780,39;100,37
505112,98;5003122,14;100,13
505073,68;5007507,05;100,26
505543,94;5008403,63;99,90
505081,25;5007972,36;99,43
501536,79;5000883,03;-8,90
501499,80;5000610,03;-9,32
501194,19;5000394,28;-10,27
500886,56;4999807,81;-10,15
500531,73;4999673,68;-8,81
500574,05;4999257,35;-8,47
500908,63;4999242,52;-9,42
501145,64;4999152,82;-9,70
500893,51;5000337,19;-7,86
501293,54;5000866,47;97,88
500607,01;5000086,94;99,29
500077,16;4999478,43;99,49
499973,13;4999045,87;100,21
499998,33;4999902,10;100,98
500299,57;4999048,20;99,53
500701,79;4999066,63;97,06
500898,88;4998807,14;99,58
500409,44;4998852,37;100,24
499710,39;4998442,67;-9,00
500924,58;4998620,52;99,47
500937,38;4998099,72;99,49
501354,69;4998767,85;-9,92
501436,18;4998441,09;-9,78
501870,69;5000763,09;-9,88
501546,53;5000039,47;-8,26
501322,30;4999856,56;-9,60
501043,70;4999478,43;-10,34
501490,25;4999122,23;-7,89
501788,33;4998747,07;-9,23
500984,38;4997589,74;50,36
501562,38;4997330,14;50,14
502127,68;4997321,13;50,15
503021,53;4997660,28;-9,87
501849,01;4998005,15;-10,06
502716,77;4998187,84;-8,56
502074,46;4998448,20;-9,55
503617,78;4998831,80;74,96
503307,67;4998422,14;-7,96
504090,40;4998777,25;74,67
504197,60;4998499,55;74,78
504401,38;4998026,12;73,65
504144,49;4997820,30;-7,85
503708,17;4998041,79;-10,23
503112,40;4997974,00;-10,22
502432,83;4997796,92;-10,29
501612,93;4998148,86;-9,98
500694,24;5001304,33;147,84
500330,14;5000753,35;174,65
500037,80;5000386,26;174,94
500226,00;5000059,70;173,74
500660,61;5000600,30;149,85
501127,03;5000973,14;149,63
501141,15;5001294,99;149,20
497080,62;4996832,76;134,61
497800,40;4996963,03;135,82
498554,29;4997146,91;135,45
499754,71;4997029,33;135,18
498425,41;4997807,51;198,81
497668,36;4997330,14;133,96
499218,76;4997274,20;134,95
500628,70;4997196,38;100,17
501603,18;4996763,48;199,99
501087,57;4996772,15;152,11
502178,98;4996649,74;102,42
502880,23;4996532,80;200,78
503327,17;4996772,49;199,30
503840,09;4996731,38;200,15
504318,55;4996473,58;200,36
504551,96;4996645,40;199,82
504750,87;4996676,43;200,47
504659,63;4996994,71;200,13
504541,34;4997483,62;197,97
504597,13;4997838,20;76,51
504606,88;4998452,01;75,03
504523,58;4998688,61;74,83
504306,52;4999130,93;50,15
503831,22;4999222,85;75,35
503230,57;4998994,82;199,46
502895,72;4998446,06;197,88
502491,78;4998514,27;198,10
502089,08;4998977,13;198,33
502229,53;4999514,87;200,64
501628,88;4999574,80;197,00
502048,38;5000239,87;198,57
502308,34;5000443,10;199,21
502679,15;5000529,62;198,85
503034,33;5000682,38;200,93
503356,02;5000929,39;193,36
504490,80;5000654,73;1,51
504813,73;5000752,17;0,92
505436,53;5000856,40;1,04
505924,24;5001465,22;0,75
506686,18;5001424,86;0,85
507206,18;5001296,90;1,03
502829,31;5000237,95;200,61
502457,67;4999866,18;200,43
503157,48;4999774,05;199,62
502758,42;4999758,05;199,90
503967,16;5000075,00;75,40
502937,84;4999231,55;200,85
507667,23;5001409,07;0,97
508236,44;5001009,34;0,99
509175,12;5000934,35;0,79
510037,15;5000647,31;1,01
511275,60;5000619,26;0,82
511770,39;5000434,95;0,90
512637,68;5000572,33;1,03
513121,00;5000533,35;1,07
513423,09;5000284,14;1,34
514381,92;5000080,75;1,05
515009,98;4999961,83;0,95
515866,90;5000296,53;0,98
516657,86;5000521,78;1,24
517778,22;5000985,30;1,03
502028,42;4996588,52;198,97
502775,24;4996316,94;302,06
503366,99;4996038,90;301,45
504032,80;4996002,69;300,21
504322,94;4995783,32;299,93
504986,93;4995959,90;299,86
505214,23;4996149,49;299,96
501961,54;4996126,80;302,39
502397,38;4996296,30;397,53
503062,33;4996191,98;398,96
503634,60;4995926,85;397,94
503940,23;4995614,62;400,46
504293,70;4995307,24;351,08
504598,95;4995435,51;349,89
505026,39;4995589,30;350,07
505677,95;4995840,75;350,39
502347,31;4995862,25;500,19
504579,86;4995072,95;425,38
505274,88;4995324,94;425,50
505594,27;4995507,42;425,10
504906,78;4994955,93;524,57
505509,63;4995113,85;525,00
505827,18;4995316,04;524,58
506285,68;4995450,23;524,80
498596,43;4993988,44;624,08
499420,33;4994039,88;624,93
501151,38;4994762,12;624,78
502061,29;4994739,45;600,38
502858,54;4994524,55;625,96
503955,33;4994014,48;625,43
504652,56;4993783,48;625,56
504769,49;4994314,62;624,65
499906,72;4993880,93;700,21
503098,63;4993815,90;898,96
502535,14;4994127,58;701,24
501326,79;4994320,87;700,69
501791,95;4994007,93;898,87
500834,29;4993895,76;800,20
500533,92;4994241,04;699,60
502461,68;4995077,19;699,12
503016,28;4995001,88;699,92
505645,66;4996478,85;299,99
505813,06;4996814,47;300,08
505893,68;4997481,65;300,27
505786,49;4998077,52;299,00
505572,10;4998714,77;50,65
505661,63;4999284,58;31,08
505239,92;4999678,37;20,83
504851,84;5000278,92;10,01
505581,84;5000185,26;5,04
506454,48;5000471,24;6,38
507574,29;5000421,24;51,48
509216,76;5000226,03;25,66
510585,44;5000210,70;6,22
511924,10;5000035,29;8,23
513047,46;5000020,26;49,46
513596,69;4999812,23;53,11
514724,94;4999578,89;26,14
515307,38;4999561,98;9,87
516538,67;4999992,76;10,86
516831,97;5000396,31;19,67
517501,21;5000426,28;49,50
506533,30;4999489,53;251,76
507971,14;4999083,80;98,54
507930,36;4998172,39;200,22
507001,91;4998336,45;348,53
506309,16;4996885,57;349,75
506777,79;4996379,80;350,59
506073,48;4996288,10;349,96
507068,42;4997800,95;350,05
507115,42;4998939,51;125,75
507794,88;4999805,88;350,77
508931,49;4999911,17;164,13
510674,95;4999351,72;128,21
509960,90;4999562,71;199,20
509040,40;4998981,35;11,16
511574,16;4999530,30;85,18
513125,40;4999462,09;30,41
513801,37;4999163,93;29,46
511710,58;4998760,62;349,46
512925,16;4998988,55;155,37
515041,03;4999240,46;28,26
516461,91;4999305,15;63,69
516944,47;4999851,44;45,82
517654,08;4999824,21;150,63
515967,93;4999344,02;28,72
515939,22;4998954,41;29,02
514372,45;4998826,05;348,71
506769,86;4999862,75;497,63
506171,88;4995831,84;425,03
507048,07;4996038,69;424,83
508163,35;4996121,92;425,65
507788,67;4996634,76;424,63
507475,01;4996138,75;425,01
508165,18;4997166,41;424,67
508885,44;4997118,97;425,02
508606,84;4996559,01;425,22
509625,19;4997698,22;425,04
509322,14;4997997,75;299,96
510293,09;4997983,84;426,13
510427,81;4998317,59;424,31
511684,88;4998042,52;429,03
512302,35;4998646,04;424,86
513113,85;4998282,76;424,72
514748,73;4998044,86;425,76
515161,74;4998457,86;424,38
515871,02;4998426,89;423,68
516727,93;4998740,84;424,45
517022,56;4999274,83;423,19
506969,14;4995159,60;525,07
507591,09;4994973,95;524,92
508332,55;4994870,44;525,69
509168,06;4995812,36;525,18
509971,50;4995717,11;525,76
510959,38;4996163,31;525,78
512173,93;4996658,25;525,44
513131,60;4997294,69;525,05
514135,38;4997949,67;524,57
515596,20;4997869,18;525,08
516395,17;4998062,66;525,22
517510,34;4998198,06;525,16
507726,67;4993739,84;650,06
508092,48;4994076,64;649,77
509149,42;4994845,05;650,08
510625,37;4995291,35;649,55
511933,86;4995563,45;649,11
512639,88;4996109,01;649,23
513987,05;4996762,64;650,52
515374,36;4997114,36;650,79
516628,04;4997089,44;526,91
517501,55;4997028,27;526,85
512813,04;4993775,63;899,41
513216,25;4994084,20;899,88
513930,12;4994428,45;899,95
515005,29;4994830,02;899,92
515716,81;4995160,31;899,70
515871,91;4994705,61;900,46
516941,90;4995056,33;900,34
517468,08;4995307,68;899,84
516657,62;4995592,74;899,44
516522,66;4994788,62;900,29
514005,53;4993873,04;1000,06
514483,95;4994262,74;999,56
515546,48;4994400,00;999,51
516516,55;4994252,21;999,89
517209,58;4994330,49;999,95
517620,59;4994613,04;999,83
517552,95;4993753,67;999,92
516463,15;4993787,49;1000,06
515280,69;4993742,25;1000,06
515176,64;4993864,15;1000,26
515557,83;4993940,24;1000,06
516936,35;4993900,04;1000,11
517396,83;4997725,44;797,10
516771,78;4997528,45;822,03
517140,93;4997221,87;748,28
509513,91;4996465,66;525,33
509908,64;4997243,10;624,59
510887,89;4997892,47;633,77
512093,30;4998152,29;648,02
512522,99;4997620,32;640,84
508627,59;4995749,72;609,32
510074,43;4996361,28;698,92
510908,85;4996698,31;699,87
511750,41;4996984,91;732,19
512320,97;4997104,45;709,50
511805,37;4997605,45;997,34
510970,39;4997458,23;725,50
510576,65;4997143,24;685,07
511521,98;4997202,16;998,69
494638,87;4996395,84;133,75
495647,43;4996246,05;134,82
493460,66;4996823,85;133,70
494456,37;4997189,46;135,11
492122,68;4996176,75;134,60
493053,80;4996455,39;134,28
487495,87;5000320,11;-50,04
492389,01;4996423,01;51,24
493662,07;4996547,22;50,25
495239,78;4996743,04;49,91
496835,43;4997355,20;50,98
496097,39;5000164,87;100,91
495423,37;5000088,21;75,26
490500,48;4998365,34;76,40
490177,45;4998239,94;75,17
490840,91;4998227,73;272,17
496589,06;5000986,36;225,18
497236,80;5001408,15;225,30
498295,83;5001412,84;225,08
492023,51;4997432,24;276,15
491198,25;4996964,58;51,17
511781,60;4996608,54;525,70
512641,45;4996833,85;526,07
516958,04;4997995,73;526,15
517093,73;4998812,58;524,08
509702,47;5006601,86;699,97
510005,20;5006876,55;701,18
510151,00;5007187,73;701,12
510008,03;5007489,18;699,13
510177,90;5007836,87;700,14
509492,38;5006318,61;700,50
510484,36;5006621,86;701,44
511046,78;5006853,09;700,92
511617,50;5006954,60;700,20
512570,29;5009056,26;900,07
512328,55;5008857,57;900,60
511645,95;5008552,25;900,01
511114,91;5008002,97;899,66
511062,13;5007659,17;900,26
510716,25;5007354,41;899,70
511300,99;5007369,66;898,39
511499,38;5007862,23;900,94
511845,68;5007552,34;899,17
512691,86;5007580,27;898,59
513484,12;5008044,44;900,48
514003,74;5008356,23;901,24
514642,26;5008633,62;899,57
514794,09;5008940,83;900,18
515117,72;5009095,86;900,10
515504,22;5009220,27;900,59
511855,94;5008838,61;899,09
511421,90;5008297,84;899,67
515333,06;5008836,18;895,24
513501,04;5009192,83;1000,17
513099,41;5008856,79;1000,36
512583,76;5008591,34;999,83
512999,09;5008371,24;1000,53
512808,58;5008877,17;999,11
513269,29;5008271,68;998,82
513833,10;5008509,98;998,59
514156,86;5008624,00;998,73
514890,55;5009243,04;999,27
514087,16;5009259,96;1000,33
513193,81;5009337,34;999,20
513995,81;5009006,56;1000,37
513469,27;5008564,06;1000,13
484216,28;4993598,64;1281,62
484323,48;4993729,73;499,22
484477,19;4993765,58;499,92
492073,06;5002870,22;501,75
491972,65;5002574,75;497,00
496278,33;5002812,12;97,07
494280,76;5001919,56;96,74
496773,38;5003013,81;98,96
498196,09;5001729,35;225,26
498148,93;5001103,57;225,02
496784,41;5001366,42;224,98
499329,69;5001985,74;225,28
498991,20;5001714,01;224,60
499581,76;5001897,50;223,90
498889,99;5002275,23;225,07
484399,96;5009174,80;999,55
484410,18;5007463,61;899,61
485106,23;5006856,37;900,24
485476,38;5006503,79;899,28
486913,90;5006602,52;900,30
487603,29;5009171,79;899,90
488497,03;5009074,34;898,88
489226,23;5009276,13;899,75
487390,56;5007590,30;899,78
486261,03;5005969,53;899,33
487689,38;5006626,73;899,96
484526,94;5007163,97;899,22
486132,58;5007438,65;1000,30
484545,56;5008112,90;999,31
485058,64;5007421,31;999,53
486056,01;5008010,31;999,36
484941,28;5008034,04;999,99
486600,38;5007654,24;999,40
489044,70;5006230,00;750,17
487997,12;5007585,60;749,61
487548,68;5007890,45;749,00
486916,29;5008162,93;749,64
487426,51;5006070,47;750,46
488126,55;5007321,95;751,78
488468,29;5006297,33;750,15
486919,02;5005677,97;749,00
485989,22;5005639,95;749,90
485533,88;5005764,28;749,80
484588,78;5006374,02;748,98
488543,92;5007757,24;623,74
487931,39;5008050,14;623,87
488292,21;5008726,20;632,04
489251,97;5008734,29;626,62
490334,63;5009268,86;626,58
485814,90;5004641,02;499,34
491722,89;5006640,66;499,44
490444,70;5007006,35;502,90
489933,63;5007205,67;499,47
489468,94;5007379,13;499,81
487962,82;5004720,53;498,72
491526,48;5005705,08;499,69
491867,00;5006325,31;500,40
492495,38;5009122,69;594,27
493073,43;5008477,09;599,77
493979,26;5007700,44;600,68
495017,93;5007707,86;325,90
495964,66;5008370,70;600,75
496960,63;5008989,48;600,85
497455,59;5008963,37;599,28
490332,37;5006385,27;626,15
490574,49;5006636,51;623,40
493158,19;5009087,58;800,26
493402,37;5008673,34;799,57
493731,39;5008107,58;798,19
494223,58;5008315,08;800,32
494989,56;5008272,33;600,69
495874,20;5008673,34;799,07
496611,11;5009088,76;799,42
489419,90;5006488,21;750,45
489879,64;5006576,27;748,71
489893,20;5006307,01;749,05
489411,38;5006886,93;749,45
487506,75;5002607,10;250,77
486456,18;5001850,97;248,21
485127,41;5001463,87;247,81
489171,26;5003332,54;397,77
490713,66;5004609,72;399,94
492770,34;5005719,42;400,08
491934,96;5005273,19;400,71
493655,63;5006202,78;399,00
494898,40;5006419,36;249,36
497322,38;5007615,76;99,97
486841,98;5003997,86;301,73
485261,20;5004133,95;153,30
484736,90;5004519,75;151,26
489328,53;5003777,66;397,33
488544,30;5004282,68;299,53
487972,06;5003131,23;251,72
493209,44;5006551,78;399,87
488694,13;5008132,79;501,49
489293,16;5007669,54;497,85
490312,11;5007282,98;494,71
491142,98;5007178,63;493,52
491973,49;5006523,29;498,80
492609,04;5006338,87;399,55
491771,61;5009160,47;100,16
491861,80;5008928,54;-8,49
491325,28;5008509,23;-9,55
490682,33;5008169,27;-9,25
489814,87;5008079,38;1,61
490585,52;5007801,84;-10,19
491161,28;5008345,24;-10,05
491252,38;5008017,13;-9,31
491940,67;5007642,80;1,60
491316,82;5009082,51;101,22
491179,49;5008910,33;100,75
490723,78;5008428,80;100,68
490142,69;5008285,85;103,51
489607,20;5008160,72;104,16
489788,21;5007626,80;102,52
490592,42;5007500,39;102,72
490181,67;5007538,18;103,86
491234,18;5007634,33;100,46
491503,14;5007265,45;105,67
491844,94;5007392,30;99,17
492355,15;5007238,25;101,91
492225,62;5007882,64;99,82
491845,36;5007998,82;98,06
492211,59;5009004,83;102,58
491815,83;5008567,43;98,52
491816,56;5008308,73;100,27
491750,45;5007223,60;197,59
492459,25;5007005,44;199,84
492746,65;5006869,92;202,36
492969,83;5007189,85;201,06
492669,38;5007273,53;198,43
492196,31;5008481,22;199,03
486253,23;5003473,02;554,54
487242,62;5003651,22;549,52
487699,77;5003608,24;545,81
493753,83;5009179,96;900,08
495035,70;5009189,71;900,35
496119,28;5009093,45;899,86
495499,58;5008837,44;899,11
494525,03;5008451,68;799,81
494105,19;5008627,10;899,29
493744,08;5008906,56;899,86
494525,30;5009008,70;899,94
494150,69;5009117,73;900,33
495134,98;5008819,13;898,83
495628,75;5009154,50;900,49
493371,10;5000577,99;1,85
494464,61;5001640,81;1,96
493531,18;5001416,96;3,77
485961,13;4996262,81;51,14
492690,81;4996692,20;51,58
491897,77;4996422,31;51,27
490154,33;5007805,45;-0,96
487943,22;5006216,17;749,83
488408,11;5006597,16;899,71
488093,38;5006933,65;899,43
487687,64;5007393,82;899,59
488619,18;5006992,75;899,65
485878,42;5006488,33;901,09
488878,72;5006580,25;898,47
489488,65;5004782,25;499,28
489302,68;5005576,90;501,66
490129,44;5004923,17;499,67
491016,68;5006730,83;500,98
490521,73;5005186,15;500,06
491074,03;5005672,37;500,42
488632,03;5004792,11;499,44
488648,83;5005284,67;500,57
490159,10;5006775,60;625,60
490495,96;5005914,42;624,12
489949,19;5005837,09;625,35
489448,18;5005815,95;624,11
486768,12;5005455,93;625,67
486476,33;5005162,51;624,53
485598,28;5005175,35;624,36
485026,62;5005244,35;624,51
484788,58;5005686,22;625,55
484573,01;5005864,82;625,15
485669,89;5006957,30;999,71
486254,26;5006514,98;999,03
486534,58;5006995,85;999,96
487522,38;5007098,30;999,70
485847,14;5007733,52;1000,14
485262,65;5008256,18;1000,03
485337,26;5008986,20;1000,26
484862,47;5008997,68;1000,04
485307,26;5007593,43;1000,05
486956,45;5007305,40;999,85
492823,73;5007690,55;200,94
492552,19;5007943,29;199,57
492480,28;5008163,27;202,00
492565,98;5008548,91;399,97
492968,96;5008021,58;399,23
493229,18;5007727,53;400,46
493353,28;5007300,44;399,14
493226,08;5006849,27;399,22
493608,18;5006618,34;400,06
493274,65;5008253,81;600,50
492698,10;5008959,36;600,81
494530,43;5007511,62;597,35
495942,08;5007689,16;398,95
509212,75;4993937,11;800,09
509106,36;4993701,67;799,76
509613,24;4994510,84;799,96
510133,47;4994594,77;799,77
510617,87;4994604,51;700,65
511038,06;4994379,77;698,13
511471,56;4994710,29;699,39
511046,99;4994028,00;503,30
510637,78;4993915,66;798,96
510269,68;4993737,47;800,19
509636,33;4993662,89;800,24
509739,13;4994113,13;898,71
510347,23;4993950,65;899,37
510026,27;4994069,75;900,04
510622,06;4994150,91;898,90
514592,16;4996639,26;799,85
514324,70;4996470,83;798,75
515347,39;4996759,08;798,11
514841,73;4996538,96;799,60
515961,32;4996517,48;649,95
515229,01;4996161,10;651,15
513971,73;4995751,36;650,15
497147,90;5003355,98;0,68
496529,76;5002720,86;3,59
495010,96;5001801,41;1,68
490454,06;4998967,59;6,42
489939,84;4998552,94;1,84
488429,85;4999114,75;-89,08
487459,67;4998973,41;-89,59
486824,52;4998717,98;-88,94
484905,24;4998538,47;-88,88
502206,34;4996902,25;99,51
